"halfBlack","quarterBlack","ThreeQBlack"
NA,NA,NA
0.0117222723174031,0.0126239855725879,0.00901713255184851
0.0173674588665448,0.0274223034734918,0.00548446069469835
0.0290791599353796,0.0463112547119009,0.00969305331179321
0.017948717948718,0.0435897435897436,0.0166666666666667
0.033203125,0.0234375,0.0234375
0.0344086021505376,0.0387096774193548,0.032258064516129
0.031657355679702,0.0242085661080075,0.0148975791433892
NA,NA,NA
NA,NA,NA
