"","H2O2","tot","halfBlack","quarterBlack","ThreeQBlack","p","call"
"1",0,1423,1,2,0,NA,NA
"2",0.0025,1461,31,42,3,0.158312328597555,"nonsignicant"
"3",0.005,1327,57,62,23,2.93060026030213e-10,"significant"
"4",0.0125,938,36,48,20,5.89846981026657e-09,"significant"
"5",0.025,154,6,7,4,0.0036910459405487,"significant"
"6",0.0375,129,7,8,5,0.00383522283181857,"significant"
"7",0.05,23.5,1,1,0,NA,NA
"8",0.075,29,0,3,1,NA,NA
"9",0.1,5.5,0,1,0,NA,NA
"10",0.15,3.5,0,0,0,NA,NA
