"","H2O2","tot","halfBlack","quarterBlack","ThreeQBlack","p"
"1",0,1122,1,1,0,NA
"2",0.0025,1070,6,6,3,3.37871315100165e-05
"3",0.005,1109,17,15,7,6.04548274262427e-08
"4",0.0125,1011,29,42,6,0.0222831605870471
"5",0.025,966,31,32,12,1.24766335370871e-07
"6",0.0375,916,22,37,21,9.95851705045882e-13
"7",0.05,808,32,23,12,2.4932763135048e-09
"8",0.075,611,18,20,9,1.76068254018065e-06
"9",0.1,440,18,14,15,1.43009630310259e-12
"10",0.15,188,9,10,4,0.0126789846427407
