"","H2O2","tot","halfBlack","quarterBlack","ThreeQBlack","p"
"1",0,1040,0,0,0,NA
"2",0.0025,1010,6,11,4,3.92378177695375e-05
"3",0.00375,1042,8,11,5,1.70625382397908e-06
"4",0.005,1011,14,22,9,8.89985503851786e-08
"5",0.01,962,16,23,8,2.13217076001314e-06
"6",0.0125,907,13,14,12,1.26342099601546e-13
"7",0.015,849,16,20,7,8.39514619527431e-06
"8",0.02,679,11,17,6,5.26297228081866e-05
"9",0.025,643,12,25,12,1.41723564177717e-07
"10",0.03,464,12,10,7,3.54582064349271e-07
