"","H2O2","tot","halfBlack","quarterBlack","ThreeQBlack","p","call"
"1",0,997,0,0,0,NA,NA
"2",0.0025,979,3,5,2,NA,NA
"3",0.005,913,7,13,2,NA,NA
"4",0.0125,904,13,5,2,NA,NA
"5",0.025,783,12,12,2,NA,NA
"6",0.0375,781,20,13,3,0.00336490774349412,"significant"
"7",0.05,738,17,11,2,NA,NA
"8",0.075,682,24,16,3,0.0134128436718341,"significant"
"9",0.1,560,24,14,2,NA,NA
"10",0.15,367,8,6,0,NA,NA
