"","H2O2","tot","halfBlack","quarterBlack","ThreeQBlack","p","call"
"1",0,621,0,1,0,NA,NA
"2",0.05,551,18,4,4,1.25987658043441e-06,"significant"
"3",0.1,804,17,11,5,6.07503284389589e-06,"significant"
"4",0.15,355,15,2,3,NA,NA
"5",0.2,331,12,7,6,1.47960051001989e-06,"significant"
"6",0.25,312,9,6,5,8.10288294906791e-06,"significant"
"7",0.3,284,12,9,1,NA,NA
"8",0.35,407,11,5,2,NA,NA
"9",0.4,288,7,7,5,3.39658348059284e-05,"significant"
"10",0.45,296,10,9,0,NA,NA
"11",0.5,184,8,7,2,NA,NA
