"","H2O2","tot","halfBlack","quarterBlack","ThreeQBlack","p"
"1",0,3749,0,0,0,NA
"2",5e-05,3044,6,0,4,NA
"3",0.00025,1707,7,8,2,NA
"4",5e-04,1254,13,16,2,NA
"5",0.001,921,7,16,7,4.30111994165104e-07
"6",0.0015,748,8,14,13,9.42633401371914e-14
"7",0.0025,576,17,10,0,NA
"8",0.005,487,11,7,7,8.71758907202978e-09
