"","H2O2","tot","halfBlack","quarterBlack","ThreeQBlack","p"
"1",0,1121,0,1,0,NA
"2",0.0025,1109,13,14,10,4.38554202445133e-12
"3",0.005,1094,19,30,6,0.000786023896820155
"4",0.0125,942,27,43,6,0.0364787034785444
"5",0.025,796,14,34,13,6.36687827989484e-07
"6",0.0375,512,17,12,12,9.36881238847758e-12
"7",0.05,246,8,9,5,0.000417159110924099
"8",0.075,537,17,13,8,1.90452723351118e-07
"9",0.1,15,1,1,0,NA
"10",0.15,9.5,0,0,0,NA
