"","H2O2","tot","halfBlack","quarterBlack","ThreeQBlack","p"
"1",0,2604,7,4,0,NA
"2",5e-05,1856,9,14,4,1.74509528277704e-05
"3",0.00025,533,6,9,4,0.000135842329646447
"4",5e-04,303,6,2,0,NA
"5",0.00075,246,6,0,0,NA
"6",0.001,169,4,3,3,0.000485789698386002
"7",0.0015,137,5,1,1,NA
"8",0.0025,174,1,6,2,NA
"9",0.005,177,1,6,2,NA
"10",0.01,74,3,2,1,NA
