"","H2O2","tot","halfBlack","quarterBlack","ThreeQBlack","p"
"1",0,621,0,1,0,NA
"2",0.05,551,18,4,4,1.25987658043441e-06
"3",0.1,804,17,11,5,6.07503284389589e-06
"4",0.15,355,15,2,3,NA
"5",0.2,331,12,7,6,1.47960051001989e-06
"6",0.25,312,9,6,5,8.10288294906789e-06
"7",0.3,284,12,9,1,NA
"8",0.35,407,11,5,2,NA
"9",0.4,288,7,7,5,3.39658348059285e-05
"10",0.45,296,10,9,0,NA
"11",0.5,184,8,7,2,NA
