"","H2O2","tot","halfBlack","quarterBlack","ThreeQBlack","p","call"
"1",0,1315,13,4,0,NA,NA
"2",0.0025,1177,27,30,5,0.00295514142998339,"significant"
"3",0.005,766,11,18,5,0.00036419005161002,"significant"
"4",0.0125,695,11,18,7,1.00690869838954e-05,"significant"
"5",0.025,1720,18,39,4,0.0205868100256346,"nonsignicant"
"6",0.0375,403,5,13,1,NA,NA
"7",0.05,264,5,7,2,NA,NA
"8",0.075,63,3,4,1,NA,NA
"9",0.1,49,2,2,0,NA,NA
"10",0.15,17,2,0,0,NA,NA
