"","H2O2","tot","halfBlack","quarterBlack","ThreeQBlack","p"
"1",0,1095,2,3,1,NA
"2",0.0025,1040,13,21,1,NA
"3",0.005,1138,16,25,4,0.00520265106752704
"4",0.0125,937,17,35,6,0.00692256118151721
"5",0.025,681,17,26,5,0.0102647774150312
"6",0.0375,533,16,22,7,0.000456007558553902
"7",0.05,298,2,11,3,NA
"8",0.075,746,13,13,7,1.97816461439227e-07
"9",0.1,252,11,9,2,NA
"10",0.15,15,1,0,0,NA
