"","H2O2","tot","halfBlack","quarterBlack","ThreeQBlack","p"
"1",0,428,0,0,0,NA
"2",0.0025,704,4,2,0,NA
"3",0.005,738,7,7,1,NA
"4",0.0125,563,4,3,3,1.33583317227892e-05
"5",0.025,519,11,5,3,0.000130517037477812
"6",0.0375,185.5,0,0,0,NA
"7",0.05,113,5,0,2,NA
"8",0.075,470,8,0,0,NA
"9",0.1,231,0,2,0,NA
"10",0.15,72,3,0,0,NA
