"","H2O2","tot","halfBlack","quarterBlack","ThreeQBlack","p"
"1",0,3780,2,4,1,NA
"2",0.0025,3043,41,101,17,1.68142450344436e-06
"3",0.005,1921,28,53,14,2.30180658243173e-08
"4",0.0125,1346,24,50,21,5.41290550912769e-12
"5",0.025,282,6,14,5,0.00512542365225168
"6",0.05,28,0,0,0,NA
"7",0.1,0,0,0,0,NA
"8",0.15,0,0,0,0,NA
