"","H2O2","tot","halfBlack","quarterBlack","ThreeQBlack","p"
"1",0,888,1,5,2,NA
"2",0.0025,928,9,24,8,4.73926460502506e-06
"3",0.005,899,11,29,5,0.00721926948988786
"4",0.0125,922,23,36,4,0.08975250914582
"5",0.025,919,25,50,10,0.00375766290345522
"6",0.0375,885,48,49,14,5.04536060977546e-05
"7",0.05,821,31,60,12,0.0256630834166958
"8",0.075,992,34,40,10,9.4324370202199e-05
"9",0.1,535,22,27,5,0.0349675626812887
"10",0.15,523,30,20,10,1.12186948393434e-06
