"","H2O2","tot","halfBlack","quarterBlack","ThreeQBlack","p","call"
"1",0,1019,4,4,2,NA,NA
"2",0.05,933,29,15,1,NA,NA
"3",0.1,784,26,10,5,3.3218945728311e-06,"significant"
"4",0.15,703,32,10,4,8.84749237918429e-05,"significant"
"5",0.2,519,15,13,3,0.0105607732753924,"significant"
"6",0.25,655,31,11,2,NA,NA
"7",0.3,258,9,3,1,NA,NA
"8",0.35,314,17,8,5,5.63939072100389e-05,"significant"
"9",0.4,334,11,10,2,NA,NA
"10",0.45,428,22,6,1,NA,NA
"11",0.5,192,6,3,2,NA,NA
