"","H2O2","tot","halfBlack","quarterBlack","ThreeQBlack","p","call"
"1",0,868,1,5,1,NA,NA
"2",0.0025,881,4,24,5,0.0018495044780532,"significant"
"3",0.005,871,6,27,2,NA,NA
"4",0.0125,923,11,33,13,6.32478349910773e-08,"significant"
"5",0.025,682,8,27,8,0.000184794160825822,"significant"
"6",0.0375,669,11,32,10,0.000107929949858914,"significant"
"7",0.05,301,2,24,8,NA,NA
"8",0.075,1225,25,77,18,0.000171371223620519,"significant"
"9",0.1,231,2,16,3,NA,NA
"10",0.15,136,0,6,4,NA,NA
