"","H2O2","tot","halfBlack","quarterBlack","ThreeQBlack","p"
"1",0,746,0,5,0,NA
"2",0.0025,671,10,0,0,NA
"3",0.005,681,8,9,4,5.22570716391375e-05
"4",0.0125,660,8,15,4,0.00145241622030202
"5",0.025,513,8,8,5,5.13018988476975e-06
"6",0.0375,353,6,6,1,NA
"7",0.05,2023,15,4,12,3.46361968038097e-25
"8",0.075,1045,14,11,5,1.68233461361373e-06
"9",0.1,566,7,6,4,9.89881220753115e-06
"10",0.15,110,1,0,2,NA
