"","H2O2","tot","halfBlack","quarterBlack","ThreeQBlack","p","call"
"1",0,2604,7,4,0,NA,NA
"2",5e-05,1856,9,14,4,1.74509528277703e-05,"significant"
"3",0.00025,533,6,9,4,0.000135842329646447,"significant"
"4",5e-04,303,6,2,0,NA,NA
"5",0.00075,246,6,0,0,NA,NA
"6",0.001,169,4,3,3,0.000485789698386002,"significant"
"7",0.0015,137,5,1,1,NA,NA
"8",0.0025,174,1,6,2,NA,NA
"9",0.005,177,1,6,2,NA,NA
"10",0.01,74,3,2,1,NA,NA
