"","H2O2","tot","halfBlack","quarterBlack","ThreeQBlack","p","call"
"1",0,2302,1,0,0,NA,NA
"2",0.0025,1917,42,39,18,2.52289243074556e-15,"significant"
"3",0.005,1796,30,36,16,1.02061465296822e-13,"significant"
"4",0.0075,1169,30,24,15,5.39772587997138e-14,"significant"
"5",0.0125,118,3,4,3,0.00412553354192575,"significant"
"6",0.015,34,2,1,1,NA,NA
"7",0.02,13,2,2,0,NA,NA
"8",0.025,0,0,0,0,NA,NA
"9",0.05,0,0,0,0,NA,NA
