"","H2O2","tot","halfBlack","quarterBlack","ThreeQBlack","p"
"1",0,1071,1,1,0,NA
"2",0.0025,1045,2,13,1,NA
"3",0.005,1217,4,19,3,0.00632557515568012
"4",0.0125,1339,9,25,1,NA
"5",0.025,956,15,30,4,0.0290058974781833
"6",0.0375,658,16,22,13,1.72098718098909e-09
"7",0.05,749,22,37,7,0.0109256067285883
"8",0.075,1430,40,77,12,0.00979625907050571
"9",0.1,954,34,34,16,3.69093714912256e-10
"10",0.15,981,21,32,18,1.22089404184233e-12
